index,na_x,na_y
0,0.000000,0.000000
1,0.059000,0.000000
2,0.000000,0.059000
3,0.000000,-0.059000
4,-0.059000,0.000000
5,-0.059000,0.059000
6,-0.059000,-0.059000
7,0.059000,0.059000
8,0.059000,-0.059000
9,0.117000,0.000000
10,0.000000,0.117000
11,-0.117000,0.000000
12,0.000000,-0.117000
13,0.117000,-0.058000
14,0.058000,0.117000
15,0.058000,-0.117000
16,0.117000,0.058000
17,-0.117000,0.058000
18,-0.117000,-0.058000
19,-0.058000,-0.117000
20,-0.058000,0.117000
21,-0.116000,-0.116000
22,-0.116000,0.116000
23,0.116000,0.116000
24,0.116000,-0.116000
25,-0.174000,0.000000
26,0.000000,-0.174000
27,0.000000,0.174000
28,0.174000,0.000000
29,0.058000,0.173000
30,0.173000,0.058000
31,-0.058000,0.173000
32,-0.058000,-0.173000
33,-0.173000,-0.058000
34,0.058000,-0.173000
35,0.173000,-0.058000
36,-0.173000,0.058000
37,-0.115000,0.173000
38,-0.173000,-0.115000
39,0.173000,-0.115000
40,0.115000,0.173000
41,0.173000,0.115000
42,-0.115000,-0.173000
43,-0.173000,0.115000
44,0.115000,-0.173000
45,0.000000,-0.229000
46,0.229000,0.000000
47,-0.229000,0.000000
48,0.000000,0.229000
49,0.228000,-0.057000
50,0.228000,0.057000
51,-0.057000,0.228000
52,0.057000,-0.228000
53,-0.228000,0.057000
54,-0.228000,-0.057000
55,0.057000,0.228000
56,-0.057000,-0.228000
57,0.171000,-0.171000
58,-0.171000,0.171000
59,-0.171000,-0.171000
60,0.171000,0.171000
61,0.227000,-0.114000
62,-0.114000,-0.227000
63,0.227000,0.114000
64,0.114000,-0.227000
65,0.114000,0.227000
66,-0.227000,0.114000
67,-0.114000,0.227000
68,-0.227000,-0.114000
69,0.282000,0.000000
70,0.000000,0.282000
71,0.000000,-0.282000
72,-0.282000,0.000000
73,0.169000,-0.226000
74,-0.226000,-0.169000
75,0.169000,0.226000
76,0.226000,-0.169000
77,-0.169000,0.226000
78,0.226000,0.169000
79,-0.226000,0.169000
80,-0.169000,-0.226000
81,0.056000,-0.282000
82,-0.282000,0.056000
83,-0.056000,0.282000
84,0.282000,-0.056000
85,0.056000,0.282000
86,0.282000,0.056000
87,-0.056000,-0.282000
88,-0.282000,-0.056000
89,0.280000,-0.112000
90,-0.112000,0.280000
91,-0.112000,-0.280000
92,-0.280000,0.112000
93,0.280000,0.112000
94,0.112000,0.280000
95,0.112000,-0.280000
96,-0.280000,-0.112000
97,-0.223000,-0.223000
98,0.223000,0.223000
99,0.223000,-0.223000
100,-0.223000,0.223000
101,0.278000,0.167000
102,-0.167000,0.278000
103,-0.278000,0.167000
104,-0.278000,-0.167000
105,0.167000,0.278000
106,0.278000,-0.167000
107,0.167000,-0.278000
108,-0.167000,-0.278000
109,-0.333000,0.000000
110,0.000000,-0.333000
111,0.000000,0.333000
112,0.333000,0.000000
113,0.332000,0.055000
114,0.055000,-0.332000
115,-0.332000,-0.055000
116,0.055000,0.332000
117,-0.055000,-0.332000
118,-0.055000,0.332000
119,0.332000,-0.055000
120,-0.332000,0.055000
121,0.110000,0.331000
122,-0.331000,0.110000
123,0.331000,-0.110000
124,0.331000,0.110000
125,-0.331000,-0.110000
126,0.110000,-0.331000
127,-0.110000,-0.331000
128,-0.110000,0.331000
129,-0.220000,-0.275000
130,0.275000,0.220000
131,-0.275000,-0.220000
132,-0.220000,0.275000
133,0.220000,0.275000
134,0.275000,-0.220000
135,0.220000,-0.275000
136,-0.275000,0.220000
137,0.328000,0.164000
138,0.328000,-0.164000
139,-0.328000,0.164000
140,-0.164000,-0.328000
141,-0.328000,-0.164000
142,0.164000,-0.328000
143,0.164000,0.328000
144,-0.164000,0.328000
145,0.380000,0.000000
146,-0.380000,0.000000
147,0.000000,0.380000
148,0.000000,-0.380000
149,0.271000,-0.271000
150,0.271000,0.271000
151,-0.271000,0.271000
152,-0.271000,-0.271000
153,0.380000,-0.054000
154,0.380000,0.054000
155,-0.380000,-0.054000
156,-0.054000,-0.380000
157,0.054000,0.380000
158,-0.380000,0.054000
159,-0.054000,0.380000
160,0.054000,-0.380000
161,0.325000,-0.216000
162,-0.216000,-0.325000
163,-0.325000,0.216000
164,0.216000,0.325000
165,0.325000,0.216000
166,-0.325000,-0.216000
167,0.216000,-0.325000
168,-0.216000,0.325000
169,0.108000,0.378000
170,0.108000,-0.378000
171,-0.108000,0.378000
172,0.378000,0.108000
173,-0.378000,0.108000
174,-0.108000,-0.378000
175,0.378000,-0.108000
176,-0.378000,-0.108000
177,-0.402000,-0.029000
178,-0.402000,0.029000
179,-0.029000,0.402000
180,-0.029000,-0.402000
181,0.402000,0.029000
182,0.029000,-0.402000
183,0.029000,0.402000
184,0.402000,-0.029000
185,0.161000,0.376000
186,-0.161000,0.376000
187,0.376000,0.161000
188,0.376000,-0.161000
189,0.161000,-0.376000
190,-0.376000,-0.161000
191,-0.376000,0.161000
192,-0.161000,-0.376000
193,0.086000,-0.400000
194,-0.400000,0.086000
195,0.400000,0.086000
196,-0.400000,-0.086000
197,-0.086000,0.400000
198,0.086000,0.400000
199,-0.086000,-0.400000
200,0.400000,-0.086000
201,-0.321000,-0.267000
202,0.267000,-0.321000
203,-0.321000,0.267000
204,0.321000,-0.267000
205,-0.267000,-0.321000
206,-0.267000,0.321000
207,0.267000,0.321000
208,0.321000,0.267000
209,0.398000,-0.142000
210,0.398000,0.142000
211,0.142000,0.398000
212,-0.398000,-0.142000
213,-0.142000,0.398000
214,0.142000,-0.398000
215,-0.398000,0.142000
216,-0.142000,-0.398000
217,0.212000,0.372000
218,0.372000,-0.212000
219,-0.212000,-0.372000
220,0.212000,-0.372000
221,-0.372000,-0.212000
222,-0.372000,0.212000
223,-0.212000,0.372000
224,0.372000,0.212000
225,-0.394000,-0.197000
226,0.197000,0.394000
227,0.197000,-0.394000
228,0.394000,-0.197000
229,0.394000,0.197000
230,-0.197000,-0.394000
231,-0.197000,0.394000
232,-0.394000,0.197000
233,-0.441000,0.000000
234,0.441000,0.000000
235,0.000000,-0.441000
236,0.000000,0.441000
237,-0.316000,-0.316000
238,0.316000,-0.316000
239,0.316000,0.316000
240,-0.316000,0.316000
241,-0.441000,0.059000
242,-0.059000,-0.441000
243,0.441000,0.059000
244,-0.441000,-0.059000
245,-0.059000,0.441000
246,0.059000,-0.441000
247,0.059000,0.441000
248,0.441000,-0.059000
249,-0.262000,0.367000
250,0.262000,0.367000
251,0.367000,0.262000
252,-0.367000,-0.262000
253,0.367000,-0.262000
254,-0.367000,0.262000
255,-0.262000,-0.367000
256,0.262000,-0.367000
257,-0.117000,0.438000
258,-0.438000,-0.117000
259,0.438000,0.117000
260,0.117000,-0.438000
261,0.438000,-0.117000
262,-0.117000,-0.438000
263,-0.438000,0.117000
264,0.117000,0.438000
265,-0.250000,0.389000
266,0.389000,0.250000
267,-0.389000,-0.250000
268,0.250000,-0.389000
269,0.389000,-0.250000
270,-0.250000,-0.389000
271,0.250000,0.389000
272,-0.389000,0.250000
273,0.174000,-0.435000
274,-0.435000,0.174000
275,0.435000,0.174000
276,-0.174000,0.435000
277,-0.435000,-0.174000
278,-0.174000,-0.435000
279,0.174000,0.435000
280,0.435000,-0.174000
281,0.362000,-0.310000
282,0.310000,-0.362000
283,-0.310000,-0.362000
284,0.310000,0.362000
285,-0.310000,0.362000
286,0.362000,0.310000
287,-0.362000,-0.310000
288,-0.362000,0.310000
289,-0.030000,-0.482000
290,0.030000,-0.482000
291,-0.482000,-0.030000
292,-0.482000,0.030000
293,0.482000,0.030000
294,0.482000,-0.030000
295,0.030000,0.482000
296,-0.030000,0.482000
297,-0.383000,-0.300000
298,-0.383000,0.301000
299,-0.300000,0.383000
300,0.383000,-0.301000
301,-0.301000,-0.383000
302,0.301000,0.383000
303,0.383000,0.300000
304,0.300000,-0.383000
305,0.229000,-0.430000
306,-0.430000,-0.229000
307,0.430000,0.229000
308,-0.229000,-0.430000
309,0.430000,-0.229000
310,0.229000,0.430000
311,-0.430000,0.229000
312,-0.229000,0.430000
313,0.480000,-0.090000
314,-0.480000,0.090000
315,0.480000,0.090000
316,-0.090000,-0.480000
317,-0.480000,-0.090000
318,-0.090000,0.480000
319,0.090000,-0.480000
320,0.090000,0.480000
321,0.356000,0.356000
322,-0.356000,0.356000
323,0.356000,-0.356000
324,-0.356000,-0.356000
325,0.149000,-0.477000
326,0.477000,0.149000
327,-0.149000,0.477000
328,0.149000,0.477000
329,-0.477000,0.149000
330,-0.149000,-0.477000
331,-0.477000,-0.149000
332,0.477000,-0.149000
333,-0.423000,-0.282000
334,0.282000,0.423000
335,0.423000,-0.282000
336,0.282000,-0.423000
337,-0.423000,0.282000
338,-0.282000,0.423000
339,0.423000,0.282000
340,-0.282000,-0.423000
341,-0.377000,-0.349000
342,0.349000,-0.377000
343,-0.349000,-0.377000
344,0.377000,0.349000
345,0.377000,-0.349000
346,-0.377000,0.349000
347,-0.349000,0.377000
348,0.349000,0.377000
349,0.472000,0.206000
350,0.206000,0.472000
351,-0.472000,0.206000
352,-0.472000,-0.206000
353,-0.206000,-0.472000
354,0.206000,-0.472000
355,0.472000,-0.206000
356,-0.206000,0.472000
357,-0.523000,0.000000
358,0.000000,0.523000
359,0.000000,-0.523000
360,0.523000,0.000000
361,0.061000,-0.522000
362,-0.522000,0.061000
363,0.522000,-0.061000
364,0.061000,0.522000
365,-0.061000,0.522000
366,0.522000,0.061000
367,-0.061000,-0.522000
368,-0.522000,-0.061000
369,0.332000,-0.416000
370,-0.416000,-0.332000
371,0.332000,0.416000
372,0.416000,0.332000
373,-0.416000,0.332000
374,0.416000,-0.332000
375,-0.332000,-0.416000
376,-0.332000,0.416000
377,0.261000,-0.465000
378,-0.465000,-0.261000
379,0.465000,-0.261000
380,-0.261000,-0.465000
381,-0.465000,0.261000
382,0.261000,0.465000
383,0.465000,0.261000
384,-0.261000,0.465000
385,0.519000,0.122000
386,0.519000,-0.122000
387,0.122000,-0.519000
388,0.122000,0.519000
389,-0.122000,-0.519000
390,-0.519000,0.122000
391,-0.519000,-0.122000
392,-0.122000,0.519000
393,-0.181000,-0.515000
394,-0.515000,0.181000
395,-0.181000,0.515000
396,0.515000,0.181000
397,-0.515000,-0.181000
398,0.181000,0.515000
399,0.181000,-0.515000
400,0.515000,-0.181000
401,0.458000,-0.314000
402,0.314000,0.458000
403,0.314000,-0.458000
404,-0.458000,-0.314000
405,-0.458000,0.314000
406,0.458000,0.314000
407,-0.314000,0.458000
408,-0.314000,-0.458000
409,-0.380000,0.408000
410,-0.380000,-0.408000
411,0.408000,-0.380000
412,-0.408000,-0.380000
413,0.380000,-0.408000
414,0.380000,0.408000
415,-0.408000,0.380000
416,0.408000,0.380000
417,0.239000,-0.508000
418,-0.508000,0.239000
419,0.239000,0.508000
420,-0.239000,0.508000
421,0.508000,0.239000
422,-0.508000,-0.239000
423,-0.239000,-0.508000
424,0.508000,-0.239000
425,-0.565000,0.031000
426,0.031000,-0.565000
427,0.031000,0.565000
428,0.565000,0.031000
429,-0.031000,-0.565000
430,-0.565000,-0.031000
431,0.565000,-0.031000
432,-0.031000,0.565000
433,0.094000,-0.563000
434,0.094000,0.563000
435,-0.563000,0.094000
436,0.563000,-0.094000
437,-0.094000,0.563000
438,0.563000,0.094000
439,-0.094000,-0.563000
440,-0.563000,-0.094000
441,-0.364000,-0.449000
442,-0.449000,0.364000
443,0.364000,0.449000
444,0.449000,-0.364000
445,0.364000,-0.449000
446,-0.449000,-0.364000
447,-0.364000,0.449000
448,0.449000,0.364000
449,-0.500000,0.294000
450,0.500000,-0.294000
451,-0.500000,-0.294000
452,-0.294000,0.500000
453,0.500000,0.294000
454,-0.294000,-0.500000
455,0.294000,-0.500000
456,0.294000,0.500000
457,0.155000,-0.558000
458,-0.155000,0.558000
459,-0.558000,-0.155000
460,0.558000,0.155000
461,0.155000,0.558000
462,0.558000,-0.155000
463,-0.155000,-0.558000
464,-0.558000,0.155000
465,-0.214000,-0.552000
466,-0.552000,0.214000
467,0.552000,-0.214000
468,0.214000,-0.552000
469,-0.214000,0.552000
470,0.552000,0.214000
471,0.214000,0.552000
472,-0.552000,-0.214000
473,-0.411000,-0.439000
474,-0.439000,-0.411000
475,0.411000,0.439000
476,-0.439000,0.411000
477,0.439000,-0.411000
478,0.439000,0.411000
479,-0.411000,0.439000
480,0.411000,-0.439000
481,-0.346000,-0.491000
482,-0.491000,0.346000
483,-0.491000,-0.346000
484,0.346000,-0.491000
485,0.491000,-0.346000
486,0.491000,0.346000
487,-0.346000,0.491000
488,0.346000,0.491000
489,-0.271000,0.544000
490,-0.272000,-0.544000
491,0.272000,-0.544000
492,-0.544000,0.272000
493,0.544000,0.271000
494,-0.544000,-0.272000
495,0.272000,0.544000
496,0.544000,-0.272000
497,0.607000,0.000000
498,0.000000,0.607000
499,-0.607000,0.000000
500,0.000000,-0.607000
501,-0.064000,0.606000
502,-0.606000,-0.064000
503,0.064000,0.606000
504,0.064000,-0.606000
505,-0.064000,-0.606000
506,-0.606000,0.064000
507,0.606000,-0.064000
508,0.606000,0.064000
509,-0.127000,0.602000
510,-0.602000,-0.127000
511,-0.127000,-0.602000
512,0.127000,0.602000
513,0.127000,-0.602000
514,0.602000,0.127000
515,-0.602000,0.127000
516,0.602000,-0.127000
517,0.395000,0.481000
518,0.481000,-0.395000
519,0.481000,0.395000
520,-0.395000,0.481000
521,0.395000,-0.481000
522,-0.395000,-0.481000
523,-0.481000,-0.395000
524,-0.481000,0.395000
525,0.534000,-0.326000
526,0.326000,0.534000
527,-0.534000,0.326000
528,-0.326000,-0.534000
529,-0.326000,0.534000
530,0.534000,0.326000
531,0.326000,-0.534000
532,-0.534000,-0.326000
533,-0.188000,0.596000
534,0.596000,0.188000
535,0.596000,-0.188000
536,-0.596000,-0.188000
537,0.188000,-0.596000
538,0.188000,0.596000
539,-0.188000,-0.596000
540,-0.596000,0.188000
541,-0.588000,0.247000
542,-0.247000,-0.588000
543,0.588000,-0.247000
544,0.247000,0.588000
545,0.247000,-0.588000
546,-0.247000,0.588000
547,0.588000,0.247000
548,-0.588000,-0.247000
549,-0.470000,0.441000
550,0.470000,0.441000
551,-0.441000,0.470000
552,0.441000,-0.470000
553,-0.470000,-0.441000
554,0.470000,-0.441000
555,0.441000,0.470000
556,-0.441000,-0.470000
557,-0.523000,-0.377000
558,0.523000,0.377000
559,0.377000,-0.523000
560,-0.523000,0.377000
561,-0.377000,0.523000
562,-0.377000,-0.523000
563,0.523000,-0.377000
564,0.377000,0.523000
565,0.032000,0.649000
566,0.649000,-0.032000
567,-0.032000,0.649000
568,-0.032000,-0.649000
569,0.649000,0.032000
570,-0.649000,0.032000
571,0.032000,-0.649000
572,-0.649000,-0.032000
573,-0.578000,-0.304000
574,-0.578000,0.304000
575,0.304000,-0.578000
576,-0.304000,-0.578000
577,-0.304000,0.578000
578,0.578000,-0.304000
579,0.578000,0.304000
580,0.304000,0.578000
581,-0.646000,0.097000
582,0.646000,-0.097000
583,0.097000,0.646000
584,-0.097000,-0.646000
585,-0.646000,-0.097000
586,-0.097000,0.646000
587,0.097000,-0.646000
588,0.646000,0.097000
589,0.511000,-0.426000
590,-0.426000,-0.511000
591,0.426000,0.511000
592,0.426000,-0.511000
593,-0.511000,-0.426000
594,-0.511000,0.426000
595,0.511000,0.426000
596,-0.426000,0.511000
597,-0.160000,0.641000
598,0.641000,0.160000
599,-0.160000,-0.641000
600,0.160000,-0.641000
601,0.160000,0.641000
602,-0.641000,-0.160000
603,0.641000,-0.160000
604,-0.641000,0.160000
605,-0.358000,0.567000
606,-0.358000,-0.567000
607,0.567000,-0.358000
608,-0.567000,0.358000
609,0.567000,0.358000
610,0.358000,-0.567000
611,0.358000,0.567000
612,-0.567000,-0.358000
613,-0.633000,0.221000
614,-0.633000,-0.221000
615,-0.221000,-0.633000
616,-0.221000,0.633000
617,0.633000,-0.221000
618,0.633000,0.221000
619,0.221000,-0.633000
620,0.221000,0.633000
621,-0.499000,-0.470000
622,-0.499000,0.470000
623,0.470000,0.499000
624,0.499000,-0.470000
625,-0.470000,-0.499000
626,0.470000,-0.499000
627,-0.470000,0.499000
628,0.499000,0.470000
629,0.280000,0.623000
630,0.623000,0.280000
631,-0.280000,0.623000
632,-0.623000,-0.280000
633,0.623000,-0.280000
634,0.280000,-0.623000
635,-0.280000,-0.623000
636,-0.623000,0.280000
637,-0.554000,-0.408000
638,-0.554000,0.408000
639,-0.408000,-0.554000
640,0.554000,-0.408000
641,0.408000,0.554000
642,0.554000,0.408000
643,-0.408000,0.554000
644,0.408000,-0.554000
645,0.000000,-0.690000
646,-0.690000,0.000000
647,0.000000,0.690000
648,0.690000,0.000000
649,0.688000,0.065000
650,-0.688000,0.065000
651,0.688000,-0.065000
652,-0.065000,0.688000
653,-0.065000,-0.688000
654,-0.688000,-0.065000
655,0.065000,0.688000
656,0.065000,-0.688000
657,0.336000,-0.611000
658,-0.336000,0.611000
659,0.611000,0.336000
660,-0.611000,-0.336000
661,-0.611000,0.336000
662,0.611000,-0.336000
663,0.336000,0.611000
664,-0.336000,-0.611000
665,0.130000,0.684000
666,0.684000,-0.130000
667,-0.130000,0.684000
668,0.130000,-0.684000
669,-0.130000,-0.684000
670,-0.684000,0.130000
671,-0.684000,-0.130000
672,0.684000,0.130000
673,-0.455000,-0.541000
674,0.455000,-0.541000
675,-0.455000,0.541000
676,0.541000,0.455000
677,0.541000,-0.455000
678,-0.541000,-0.455000
679,-0.541000,0.455000
680,0.455000,0.541000
681,-0.193000,0.677000
682,-0.677000,0.193000
683,-0.193000,-0.677000
684,0.677000,0.193000
685,-0.677000,-0.193000
686,0.193000,-0.677000
687,0.193000,0.677000
688,0.677000,-0.193000
689,-0.598000,-0.388000
690,0.598000,-0.388000
691,-0.598000,0.388000
692,-0.388000,-0.598000
693,0.388000,-0.598000
694,0.388000,0.598000
695,-0.388000,0.598000
696,0.598000,0.388000
697,0.254000,0.667000
698,0.254000,-0.667000
699,-0.667000,-0.254000
700,-0.254000,-0.667000
701,0.667000,0.254000
702,-0.667000,0.254000
703,-0.254000,0.667000
704,0.667000,-0.254000
705,-0.498000,0.526000
706,0.526000,-0.498000
707,-0.526000,-0.498000
708,0.498000,-0.526000
709,-0.498000,-0.526000
710,-0.526000,0.498000
711,0.498000,0.526000
712,0.526000,0.498000
713,0.655000,-0.312000
714,0.312000,0.655000
715,-0.655000,-0.312000
716,-0.312000,0.655000
717,0.312000,-0.655000
718,-0.655000,0.312000
719,-0.312000,-0.655000
720,0.655000,0.312000
721,-0.584000,-0.437000
722,-0.584000,0.437000
723,0.437000,0.584000
724,-0.437000,0.584000
725,0.437000,-0.584000
726,-0.437000,-0.584000
727,0.584000,0.437000
728,0.584000,-0.437000
729,-0.729000,-0.033000
730,0.033000,0.729000
731,0.729000,0.033000
732,0.729000,-0.033000
733,-0.033000,-0.729000
734,-0.033000,0.729000
735,0.033000,-0.729000
736,-0.729000,0.033000
737,0.099000,-0.726000
738,0.726000,0.099000
739,-0.726000,0.099000
740,-0.099000,0.726000
741,-0.726000,-0.099000
742,0.099000,0.726000
743,-0.099000,-0.726000
744,0.726000,-0.099000
745,0.366000,-0.642000
746,-0.366000,0.642000
747,0.642000,0.366000
748,0.366000,0.642000
749,-0.366000,-0.642000
750,-0.642000,-0.366000
751,-0.642000,0.366000
752,0.642000,-0.366000
753,0.163000,-0.720000
754,-0.163000,0.720000
755,-0.720000,-0.163000
756,0.720000,0.163000
757,-0.720000,0.163000
758,-0.163000,-0.720000
759,0.163000,0.720000
760,0.720000,-0.163000
761,-0.482000,0.568000
762,0.568000,-0.482000
763,0.482000,0.568000
764,-0.482000,-0.568000
765,0.568000,0.482000
766,0.482000,-0.568000
767,-0.568000,-0.482000
768,-0.568000,0.482000
769,-0.226000,-0.711000
770,0.711000,0.226000
771,-0.711000,0.226000
772,0.711000,-0.226000
773,-0.226000,0.711000
774,0.226000,0.711000
775,-0.711000,-0.226000
776,0.226000,-0.711000
777,0.627000,0.417000
778,0.627000,-0.417000
779,0.417000,-0.627000
780,-0.417000,-0.627000
781,0.417000,0.627000
782,-0.627000,-0.417000
783,-0.417000,0.627000
784,-0.627000,0.417000
785,0.286000,-0.699000
786,-0.699000,-0.286000
787,-0.286000,-0.699000
788,-0.699000,0.286000
789,0.699000,-0.286000
790,0.286000,0.699000
791,0.699000,0.286000
792,-0.286000,0.699000
